"NE.Africa.lower2.5","NE.Africa.lower10","NE.Africa.median","NE.Africa.upper90","NE.Africa.upper97.5","NW.Africa.lower2.5","NW.Africa.lower10","NW.Africa.median","NW.Africa.upper90","NW.Africa.upper97.5","Other.Africa.lower2.5","Other.Africa.lower10","Other.Africa.median","Other.Africa.upper90","Other.Africa.upper97.5","S.Africa.lower2.5","S.Africa.lower10","S.Africa.median","S.Africa.upper90","S.Africa.upper97.5","China.and.Taiwan.lower2.5","China.and.Taiwan.lower10","China.and.Taiwan.median","China.and.Taiwan.upper90","China.and.Taiwan.upper97.5","India.lower2.5","India.lower10","India.median","India.upper90","India.upper97.5","Japan.lower2.5","Japan.lower10","Japan.median","Japan.upper90","Japan.upper97.5","Korea.lower2.5","Korea.lower10","Korea.median","Korea.upper90","Korea.upper97.5","Middle.East.lower2.5","Middle.East.lower10","Middle.East.median","Middle.East.upper90","Middle.East.upper97.5","N.Asia.lower2.5","N.Asia.lower10","N.Asia.median","N.Asia.upper90","N.Asia.upper97.5","Other.Asia.lower2.5","Other.Asia.lower10","Other.Asia.median","Other.Asia.upper90","Other.Asia.upper97.5","SE.Asia.lower2.5","SE.Asia.lower10","SE.Asia.median","SE.Asia.upper90","SE.Asia.upper97.5","British.Isles.lower2.5","British.Isles.lower10","British.Isles.median","British.Isles.upper90","British.Isles.upper97.5","Continental.Europe.lower2.5","Continental.Europe.lower10","Continental.Europe.median","Continental.Europe.upper90","Continental.Europe.upper97.5","E.Europe.lower2.5","E.Europe.lower10","E.Europe.median","E.Europe.upper90","E.Europe.upper97.5","N.Europe.lower2.5","N.Europe.lower10","N.Europe.median","N.Europe.upper90","N.Europe.upper97.5","Central.America.lower2.5","Central.America.lower10","Central.America.median","Central.America.upper90","Central.America.upper97.5","Mexico.lower2.5","Mexico.lower10","Mexico.median","Mexico.upper90","Mexico.upper97.5","Other.North.America.lower2.5","Other.North.America.lower10","Other.North.America.median","Other.North.America.upper90","Other.North.America.upper97.5","USA.and.Canada.lower2.5","USA.and.Canada.lower10","USA.and.Canada.median","USA.and.Canada.upper90","USA.and.Canada.upper97.5","Australia.lower2.5","Australia.lower10","Australia.median","Australia.upper90","Australia.upper97.5","New.Zealand.lower2.5","New.Zealand.lower10","New.Zealand.median","New.Zealand.upper90","New.Zealand.upper97.5","Brazil.lower2.5","Brazil.lower10","Brazil.median","Brazil.upper90","Brazil.upper97.5","NW.South.America.lower2.5","NW.South.America.lower10","NW.South.America.median","NW.South.America.upper90","NW.South.America.upper97.5","S.South.America.lower2.5","S.South.America.lower10","S.South.America.median","S.South.America.upper90","S.South.America.upper97.5","Global.lower2.5","Global.lower10","Global.median","Global.upper90","Global.upper97.5","year"
0.238186064157112,0.247666654366333,0.266922414855252,0.286969722850701,0.298154257028622,0.220995450803927,0.229690015753612,0.245711248481551,0.262889263815963,0.272495567347494,0.237789621014456,0.247257990278797,0.2658470641573,0.285424463113542,0.296512824831386,0.443808913358178,0.464890672863827,0.505443925006663,0.549152916873021,0.572215498587912,10.1579281456721,10.4465929310619,10.9766406473197,11.5258317769903,11.8376381891222,2.3682850341726,2.44586857242224,2.57903035562343,2.72319900289873,2.80450605765839,0.876338750021806,0.907390679980436,0.965161795085156,1.02657535103302,1.0590336375349,0.494413706907525,0.510476852961229,0.543165813532271,0.577018092317865,0.59449419444827,1.82239790758917,1.89735984462464,2.04544741305109,2.20722447728291,2.29680183227374,1.9089985054533,1.99131978754567,2.16565071749769,2.34659354904991,2.45041770363096,0.314750132451038,0.325011198728314,0.342680824157479,0.361182114901874,0.37202656113808,1.5750527283039,1.61691177604142,1.69743646921835,1.78257697268374,1.82874028341864,0.315725574911202,0.323999197909349,0.339366307083761,0.355831673884167,0.364860274528992,2.67858451028635,2.7462221057529,2.8748260761185,3.01046315627742,3.0868576797978,0.0967943488142512,0.105015260986388,0.121697525250014,0.139937504024506,0.150715667817715,0.0938380407819092,0.0964683418280231,0.101603171366579,0.1070260118334,0.109987726810741,0.0538652379458607,0.0553995894272734,0.0584773683139831,0.061573399323199,0.0634052444258251,0.343812265844173,0.357158156990139,0.380798962927858,0.406069872951121,0.420823786448277,0.0515412865431965,0.0536616582398433,0.0580709617320324,0.0629398560945819,0.0657178170517085,4.81143724619657,4.88965172735124,5.04056644743211,5.19989458449431,5.28082076529213,0.331950271940808,0.338787209685939,0.351924029133382,0.365642533412102,0.372909763706222,0.0256199358089137,0.0266182268537156,0.0285412224221609,0.0305478186194259,0.0316977942158135,0.368091393306588,0.383985548217927,0.412385754012044,0.442103807623613,0.459403039056909,0.224106649175116,0.234325539490225,0.253029230291357,0.273490781569862,0.284652449995157,0.24436357605812,0.254415188490463,0.273739789660442,0.293155440371156,0.304213234658696,31.9150343633541,32.2585100023708,32.9166034129866,33.58417311919,33.93611735785,2023
0.230748365417425,0.244150716249441,0.27091335089973,0.301019473137392,0.317828524232641,0.212237777418266,0.224253263389207,0.247102364991127,0.271538946595151,0.285547996981152,0.231765399473637,0.244961827261599,0.271937729259331,0.301404054709867,0.317284073913106,0.424101169273419,0.454577137835821,0.510613481198465,0.571866538427185,0.607027733028513,9.88585400950913,10.2673953056545,11.0110817413829,11.8302218176008,12.2639441534777,2.3523493810279,2.45017689679644,2.64538982705644,2.85341705122106,2.97195601408606,0.838038291784404,0.876285551298169,0.955966838421449,1.04088716289432,1.08971525108006,0.470137050057771,0.491704009381522,0.536389811771971,0.584521795138186,0.611109696920983,1.77085803033057,1.87418291655019,2.08105734008829,2.30904790846261,2.43670979471447,1.77719695692492,1.8909900001036,2.12639173783911,2.38899366114573,2.53596137094975,0.309525741557705,0.322943201367919,0.348376063071316,0.375624756660743,0.39141850704639,1.54580104225406,1.60530910185565,1.72131554256815,1.84471678910116,1.91372321815132,0.303948023088479,0.3145949732977,0.336020303102718,0.358539340926502,0.371818448973911,2.58097167500663,2.67069787504866,2.85019811652026,3.03898915657864,3.14344092718041,0.0800090895532241,0.0913558879905063,0.112903536017422,0.138581852797063,0.153248369426217,0.09004326973172,0.0936983905328709,0.10080131910155,0.108432842609729,0.113159229201525,0.0521895665257586,0.0543250994848401,0.0585753361409503,0.0631706107363532,0.0658319561354188,0.330517398016771,0.34709024172011,0.380322739068227,0.416868032145516,0.437377996571438,0.0486751487743527,0.0516831504746872,0.0575878048619896,0.0645666242183547,0.0684477197414744,4.63188866938378,4.74383117312174,4.95155269639501,5.16756316874037,5.28799630273828,0.321270043446356,0.330428984853383,0.348886032901604,0.368427380744069,0.378935972835795,0.0244066996853853,0.0257411286972776,0.0283694990296973,0.0312554809967064,0.032925077174584,0.350055502314284,0.369811742009055,0.40969012799419,0.453839980657539,0.481223761456342,0.211167625823579,0.225260478431903,0.252500384273724,0.28186956561247,0.297871373875052,0.231667628630246,0.244829100406352,0.271765866757818,0.299770067558045,0.316894899028701,31.513345394011,32.0103671626367,32.9295980437996,33.9038536296166,34.4188705368471,2024
0.225817607483899,0.241682278578515,0.274945100611647,0.311875301359029,0.333929367465622,0.206528961842471,0.22009827097106,0.248374710984043,0.278285380510072,0.296533564048572,0.228857560874152,0.245027425939797,0.277716671801902,0.313609319613295,0.334093247444089,0.410996400113897,0.445561672018451,0.515113434262539,0.591958506723492,0.63948232803686,9.65486494835412,10.1213015132897,11.0399923773438,12.0143755081417,12.5697351935561,2.34898327117782,2.47231477194046,2.7118394559487,2.97280411953017,3.12927049588375,0.809307358168131,0.850781529710947,0.944396680778595,1.04940372826863,1.1104614822131,0.451206939600331,0.476906774741916,0.529689282169348,0.588795673432784,0.623492414392172,1.73255971771302,1.86024964177825,2.1163582243821,2.40384826682371,2.56531383049043,1.66315841844979,1.80654663441461,2.08607192604835,2.39835429291495,2.58603296277621,0.306478203083456,0.322711270901682,0.354059839941644,0.388877996188588,0.408250491059316,1.52888308724541,1.6022948760568,1.7448861196683,1.89556382759548,1.99010292439827,0.293407138460981,0.306068049320855,0.332772928168092,0.361192855214132,0.377556459867606,2.50525869726108,2.6129145004798,2.82463575043025,3.0578869109739,3.18319690441109,0.0682746659471131,0.080973588983616,0.106990356226935,0.137602624994935,0.156111296444,0.087007921398922,0.0915389286525866,0.099898375150221,0.109344843635321,0.114693847648189,0.0508076364592133,0.0534900602612338,0.0586769240390656,0.0642831909788776,0.0676172410062959,0.318613370243902,0.339182351819671,0.378863320974368,0.424323314924527,0.450337043545749,0.0466274731450553,0.0499083396009335,0.0571067727813143,0.0657083321489112,0.0710982518524444,4.48501684352407,4.61586622449142,4.86774601828131,5.12557983480929,5.26828172568921,0.312699354184159,0.323711367427857,0.346013264020134,0.369839441290052,0.382362872092512,0.02348224061548,0.0250158549995012,0.0281405089233512,0.0317669229964634,0.033786666943147,0.33641043109929,0.359900161414505,0.406883969584969,0.461264391894728,0.498653459148434,0.202799006987318,0.219802405717328,0.25179709469384,0.287308855478262,0.308830953094941,0.22142753790864,0.236797985094763,0.269287344179257,0.304194704872748,0.325236080505667,31.2570562996059,31.802397571284,32.9345592564902,34.1051704837528,34.7574342271691,2025
0.221796693450993,0.239410743544415,0.27854002756776,0.321710391824329,0.347234736029188,0.20173425317534,0.217341043235504,0.249236884872775,0.284462186878595,0.305676957137081,0.22557283738527,0.245390715869005,0.283583727100477,0.326282011430414,0.351951874471233,0.398150404140615,0.438330403948667,0.519140086663015,0.609927017701875,0.669186917497,9.50785508660407,9.99077694266727,11.0518842357653,12.1846676176001,12.8668291441686,2.35418272501246,2.49758913149982,2.77040844721445,3.07613970182496,3.26128584357469,0.778660996691707,0.828489327973917,0.933030698017254,1.0524521580179,1.12602692984268,0.433882726141264,0.46220759483919,0.522185912847019,0.590750650060713,0.630576489837612,1.71134307208516,1.85578553236457,2.14710535935801,2.47692023648557,2.67682344273484,1.57635243514536,1.73501933786528,2.04250744076289,2.40309096548304,2.60456047764414,0.304677751518611,0.323051557896845,0.359314756746361,0.400732629808915,0.425213775162643,1.51586402019539,1.60353002805042,1.76617157556268,1.94909985647907,2.05232902007936,0.284488018119212,0.299420353189098,0.328852143046445,0.361935240512492,0.380768615282112,2.43657846808949,2.55852669970518,2.79292440204876,3.06103190003727,3.21265047039329,0.0591082776576582,0.0730822051614458,0.102039317052786,0.136636073559213,0.158874760472358,0.0846214599657261,0.0892543992707729,0.0988919673271708,0.109528471535624,0.115602416881944,0.0498370451869422,0.0528724201743572,0.0587044735789119,0.0652886296756368,0.0692453979979669,0.309697127802455,0.331731212962639,0.377822222723173,0.429686084002249,0.460615902225605,0.0444441027936738,0.0484271487682214,0.0566999572821841,0.0664816445590691,0.0723615121842896,4.3459720892294,4.49735923769408,4.77669348800975,5.07833339451106,5.24910707236577,0.304021057044923,0.316797870872502,0.342240667053059,0.370094203962851,0.385510661219707,0.0226209347993651,0.0243688252587729,0.0279015033550119,0.0320703430518262,0.0344429682614171,0.323896243061441,0.350069966867427,0.402857401839051,0.465356736158863,0.514763651028548,0.195964729382108,0.213790602830644,0.251391890474584,0.292268217692187,0.315727005714849,0.212329695934975,0.230582507867598,0.267074103485828,0.307922055231029,0.331455490529317,30.9608728641841,31.6058635876664,32.8987467976996,34.2565416473076,35.0754286952646,2026
0.218086402594021,0.238372435480933,0.281473142559543,0.331217000334434,0.362215526023076,0.197204639427779,0.214532827290921,0.250071645033786,0.289819901983941,0.314035718123081,0.224201546043896,0.246380369599094,0.289642741763726,0.337658034592801,0.36701639978806,0.387324049863245,0.43205282220979,0.522603607231084,0.626564545464343,0.693151445333457,9.32631608983841,9.90862958127476,11.0358215819465,12.3246548306844,13.0586823688906,2.36544888868244,2.51775749172999,2.83134881708467,3.18558736551755,3.40524018040751,0.752977931271178,0.807887109132493,0.921302714042695,1.0562026525219,1.13585393974622,0.418894902006545,0.449446009607258,0.514710295384373,0.591066525788148,0.634854064791921,1.69099312339538,1.85358301564767,2.17345217861493,2.54967310725106,2.77588019017831,1.49764126226171,1.65874557063114,2.0053214036527,2.40645150063388,2.62738816279513,0.302317497837112,0.322863022871334,0.364836999158846,0.412775584349691,0.442933528464874,1.50420873408886,1.6072840227393,1.78874835315369,1.99534212035659,2.11707420240713,0.276848182533931,0.292760087431126,0.325267076321601,0.361788151696104,0.381907868760784,2.37105622372828,2.50554509937775,2.76435435888871,3.05644770247011,3.21661399357466,0.0518760637747093,0.0667795176346635,0.0974632835826133,0.136084938210362,0.160183984339256,0.0819749007405135,0.0871203749088089,0.0976027163836487,0.109642326177706,0.116169222578219,0.0489327276724828,0.0522201420257772,0.0587237281344916,0.06611201042687,0.0705622637815952,0.300291081349336,0.324750849359921,0.37558514665343,0.435424283875663,0.469961617510587,0.0431137002938212,0.0470353067462135,0.0561798807877225,0.0669966776945168,0.0737485861604788,4.22130364020787,4.37523000639612,4.68696665067928,5.01739082797041,5.21300514715183,0.296439104293622,0.31035997531075,0.338893110234611,0.37038553408357,0.388458627039819,0.0218679321414708,0.0237619772848041,0.0276812747000082,0.0323716977644094,0.0352155716036199,0.31303795725429,0.341822149503929,0.39879081222447,0.469292621409974,0.523029280059077,0.188067350333977,0.209212038945084,0.250561551078578,0.295506689420373,0.321647121048339,0.204441282577657,0.224465416040846,0.264586692375126,0.309760329418423,0.33853554010019,30.6761363414669,31.4147355339134,32.839454694015,34.3702979597019,35.2903392872122,2027
0.215741944987549,0.23714833590287,0.284766222892876,0.340100000298533,0.375950781936671,0.193159456943275,0.211464750556126,0.250011561332767,0.293773167975964,0.322120769951236,0.22391508040464,0.246622173202078,0.294990077624601,0.34912421488765,0.384018953110129,0.379863510699546,0.425999138287747,0.525785427877171,0.644010061313261,0.718493936758547,9.16192398794459,9.77083413330786,11.0262466267974,12.45214020899,13.2520145696004,2.35931203910777,2.54113568235326,2.88495155074406,3.28853627921126,3.53236266040224,0.731942771484784,0.78622559751396,0.907055735398648,1.05336435839934,1.13935971799873,0.403829469042944,0.437913846862206,0.50685270792727,0.58995535638391,0.639095658313745,1.67513143443815,1.8391812018656,2.195053369502,2.61704905507974,2.85281304886722,1.4270011522326,1.6021426975835,1.96319958750697,2.38704133038166,2.65476530230552,0.300795332632289,0.324316987032912,0.369932268917633,0.423856485000658,0.458994491889603,1.5001796493192,1.6062591601684,1.80650923233209,2.04224175467524,2.18225406181773,0.268813809248643,0.286446566580732,0.321261696188694,0.361087232363719,0.383894598064503,2.3071926545404,2.45133934966773,2.72808881353404,3.0443916132529,3.2298382536269,0.0472988684804974,0.062908473163643,0.0941519133909608,0.135079717401308,0.160762599583438,0.0793194551774332,0.0849311569493086,0.0964169209889356,0.109258456761988,0.11675088061991,0.0480756798796048,0.0515583664322511,0.0587414716976011,0.0669404514024903,0.0716244327410691,0.291008990535443,0.317629468115698,0.373717007994714,0.438282617517955,0.477461782308943,0.0416459837874421,0.0457633792494775,0.0555691544911363,0.0677661901178741,0.0752529448007813,4.09142277838076,4.27180908352278,4.60046256862684,4.95543319806538,5.15507266702699,0.289507747140743,0.304725288010929,0.335570698857219,0.369912530524473,0.389117159918939,0.0211268316621702,0.0232069839984398,0.0273886436204579,0.0325134992681556,0.0357270257419197,0.302164182782308,0.332574509257819,0.39486848671216,0.471221657880786,0.525849701280371,0.182573488521535,0.204956951179106,0.248739545034096,0.298407392428614,0.327315903748293,0.197592086964334,0.218974835375848,0.262019994652023,0.311746152056831,0.34132558327815,30.3903251574517,31.1945948292452,32.7577408225899,34.4596145740639,35.4222866749321,2028
0.213279523057883,0.2364542168399,0.287020356990105,0.347925407997707,0.38560337628972,0.190957481430711,0.208448721210667,0.250376074529025,0.298596234587933,0.328321117336323,0.221484440105753,0.247834389764319,0.300115052535403,0.360024244516124,0.396786582948839,0.368901811478439,0.422819193765417,0.528536451791712,0.656985391453678,0.740268439785815,9.02293020412584,9.64049383005542,10.9967245776936,12.509743014065,13.4237522068172,2.37567093388087,2.5640935417101,2.94404666908173,3.38034978552585,3.65391103333472,0.705832788770711,0.765059581542195,0.894153240339249,1.05232619140808,1.14639388870542,0.389591608580055,0.425153944312156,0.498966178567479,0.585851207737372,0.64320809650979,1.65237961554572,1.84031275425001,2.22235930811619,2.68199663845803,2.94873100981755,1.35921210900919,1.53985399249487,1.92447881053559,2.37927152412882,2.65368806107049,0.300553271204624,0.324477948759277,0.373472285097937,0.434258345778756,0.473686026779923,1.49371012149762,1.60625308155436,1.82668921970764,2.08200161595447,2.23756217804277,0.261376774474417,0.279671516705987,0.317175046883927,0.359871664265308,0.384330153599355,2.25200292846166,2.39787115539725,2.69648632762147,3.03077802577008,3.2303053739304,0.0436045078790277,0.0588431411866907,0.0912018652656161,0.134069276988829,0.160642581987232,0.0769793943797626,0.0829609960858106,0.0950874666508114,0.108888361943249,0.116985927053789,0.0473559740655172,0.0511031807099808,0.0587311725602133,0.0676187327343966,0.0725217054301919,0.284489771170103,0.312865130218996,0.371108610760871,0.441404661781924,0.48460763369021,0.0402477641167663,0.0446352205087957,0.0550038178438658,0.0681001282827021,0.0765153628951097,3.9790553510964,4.16450489903628,4.51252119592891,4.89403140428333,5.10348318657777,0.281871755382302,0.298541046850066,0.331752482341218,0.368307483199178,0.390018390713364,0.0205112237479587,0.0226325684999675,0.0271478635158501,0.0325438148710479,0.0358676219327471,0.291728859786854,0.325175623906019,0.39052733023417,0.46955897718819,0.528465470527632,0.176155085777761,0.200435775122845,0.247110319510651,0.300907102315777,0.331949888873129,0.190638349736821,0.213767721119201,0.259280523506913,0.312666079594437,0.344183909772457,30.1324402099549,30.9436069455024,32.6487136225834,34.470830469131,35.5205905756902,2029
0.21084509518803,0.23617458150779,0.289838461376372,0.356125829649768,0.395945810527667,0.186866178097145,0.20695273227121,0.249725183904894,0.303066125956755,0.33341646223449,0.220518248241357,0.249056144436885,0.3052844194342,0.370997928966015,0.410355505582447,0.362697631863688,0.41606214862557,0.531270514464872,0.67267193468887,0.762881203824952,8.81755114848628,9.52445073865501,10.9480820384184,12.5665132008823,13.4781046502915,2.37506924959446,2.57952856260175,2.99190327761189,3.47525985529674,3.76726046612301,0.684501853682863,0.747230836837864,0.879280811991524,1.046379519981,1.15068686464426,0.377388668832508,0.413679056505024,0.490756479552186,0.584502289222447,0.6420221410238,1.63487836085917,1.82848447293494,2.24461289879446,2.72891503873945,3.02599256749433,1.29786448695195,1.48249322092015,1.88749956597978,2.36095644590285,2.65552091910885,0.298580327236644,0.325176545300123,0.377232117274865,0.443794392618868,0.491101087355504,1.4890673371598,1.60535520830505,1.84568591950134,2.12513809938046,2.28400094694048,0.25467507621613,0.273219271557578,0.312877867322995,0.35866943786183,0.38391541800423,2.19628034603181,2.34735570586901,2.65851442340675,3.00342609424527,3.2153779211535,0.0397844925871717,0.0546139905788964,0.0882908358624547,0.13271684290476,0.160994562183692,0.0744785725339353,0.0809069377343378,0.0937153248331071,0.108139072897226,0.116801653889572,0.0468491569288125,0.0506590503441701,0.0585983292199687,0.0682004784205912,0.0738165266768865,0.276883976693736,0.306301769529486,0.368046452932086,0.44328028715299,0.488717644053279,0.0389635087057468,0.0435537141991658,0.0542397558201102,0.0682366313278797,0.0770544732243154,3.87434083841862,4.05449765490378,4.42319061186279,4.82277683554389,5.04754131799389,0.274755422663591,0.292681480051716,0.327234951522363,0.366705327589386,0.390113362455882,0.0200555493418026,0.0220766745386254,0.0268742584379122,0.0326127427961315,0.0361155264305298,0.284113502768903,0.317307902138597,0.385320501920319,0.46841447334639,0.530810034293539,0.170861887932288,0.196503760591639,0.245889379154787,0.303398760916035,0.337182762670366,0.184398856282543,0.208508286484784,0.257121316513299,0.312152083357014,0.348150108045346,29.8216096019375,30.7185454641915,32.4800699687781,34.4550606769381,35.549278338267,2030
0.210098906116586,0.235708997316952,0.291904200175895,0.362827884461713,0.405084779220878,0.183297083415334,0.204355011057783,0.249243165882607,0.305812524452901,0.339064823875004,0.219536905769064,0.250425911845694,0.310291780392754,0.3795237117749,0.422271684990294,0.358652933061966,0.411869209866633,0.534580322622082,0.685166780786311,0.781782711771113,8.64492674628242,9.38505998543552,10.883419135422,12.5955370148511,13.5864458113733,2.38427680537402,2.60495214473504,3.04276846759329,3.56072260439115,3.89033783947874,0.661542753258019,0.728159113569731,0.86561953278618,1.03858090282398,1.1503636615676,0.366486824683863,0.403146450635447,0.483106863413067,0.580565522081583,0.642433049404415,1.62905608224044,1.82630141441775,2.26238957639482,2.77875685397693,3.10361202609339,1.243489869985,1.42925709207736,1.84664292178859,2.34135061088098,2.64623777583856,0.298039833193476,0.324874223698327,0.381065972852397,0.453466845497307,0.504492679923847,1.47839775819681,1.60603865025584,1.86473835033221,2.16480215572136,2.34012244175514,0.247486307748931,0.267694580328195,0.308723575454208,0.3553333713576,0.384380054155688,2.1340417957711,2.29939474230977,2.61680313309117,2.98078648145633,3.19948901748909,0.03644306126397,0.0517252044910313,0.0854861856382143,0.131505759121857,0.159910198989159,0.0723673161647662,0.0788724458868934,0.0922012070823998,0.107455087917645,0.116793593788681,0.0459356554967102,0.0500867372918267,0.058543993678477,0.0683282632965934,0.0746832977469741,0.269966397922155,0.300709665346016,0.365090321850572,0.443332492674808,0.493008477479512,0.0376537532864903,0.0425115796598076,0.0536708403710865,0.0681843857552924,0.0775176289550844,3.76424805553187,3.94864772132775,4.33536887354866,4.75029531783038,4.99413914513422,0.268351932405446,0.28626713000046,0.323256168705339,0.365393345190889,0.388505819654832,0.0193890513864634,0.0216316818100191,0.0265408738714587,0.0326602864804767,0.0363147106375289,0.275560629503294,0.311377105449977,0.380895458053814,0.466928251097984,0.532542698497608,0.166278514704359,0.192210649300078,0.244482835141168,0.305404700813082,0.341455076199334,0.179219529010576,0.203245407042666,0.254207265406907,0.313073782743214,0.351237136768337,29.488182961416,30.4384707541186,32.3311195823489,34.4251107056542,35.5716947049407,2031
0.208534250271656,0.235274705061145,0.294575135694105,0.367641495088565,0.416180102419042,0.180822668849531,0.201065799116386,0.248863254444314,0.307351590309574,0.342901928673041,0.219321534794886,0.251633280699465,0.314519837618253,0.390620405332081,0.437487675141633,0.348944422100189,0.406513471839866,0.535557078851085,0.696255404954873,0.794672979243548,8.47473316900868,9.2193352644911,10.7915839319126,12.5668847399913,13.6497900530024,2.38833874490508,2.62343501244671,3.0890616060005,3.6555253729388,4.01259762364562,0.642122716793327,0.711075464652653,0.851468210211907,1.03021510515416,1.15426190089882,0.355811999361985,0.392360837721238,0.474905384691806,0.575602644369095,0.641011748560331,1.6051581579895,1.82072766797549,2.27493334035314,2.8284898120828,3.16426277218367,1.19079927284415,1.38387670697166,1.80930197528196,2.32378755324884,2.64222054896151,0.297927158881009,0.324810813201592,0.384405404151683,0.463069284628353,0.51869657215544,1.47558128315389,1.6071075836836,1.87569659278893,2.19625884547973,2.39227388756904,0.241371819736899,0.26230097443495,0.304680633954762,0.353844782188011,0.383356185750328,2.08716122158398,2.24406772982141,2.57464001089198,2.95753931236634,3.17268840973861,0.0332589651018106,0.0494425753452608,0.0829920292473025,0.129844119599886,0.159929613597435,0.0701099293963824,0.0764775283925509,0.0905184744543045,0.106284523973058,0.116338834819804,0.0452206700660274,0.0495890852486016,0.0583861133796072,0.0689459566757294,0.0758939352853207,0.263025212306166,0.295122629903629,0.362273376826727,0.444862690128738,0.496023159617083,0.0367146459927902,0.0413263133311786,0.0529188837490019,0.0684204592835854,0.0786063645737865,3.65907813444188,3.85619782717602,4.25041350276199,4.67444782163783,4.92548226298606,0.260974025723057,0.280062529328435,0.319382294567197,0.362607519750497,0.387969967180258,0.0187594975212748,0.0211128957064277,0.0261994211259205,0.0325753365877848,0.0365397959093059,0.26824623579394,0.305252029451023,0.376268171578963,0.464480410309462,0.526910431821872,0.162056959227267,0.188893216485367,0.243178232174507,0.305892532194407,0.34472554543996,0.173759669569951,0.198213094226887,0.251137428509813,0.312716417544064,0.352714278238227,29.1516397983709,30.1366559204844,32.1359776223513,34.3464486458035,35.5208861410913,2032
0.205785403148663,0.234434401659088,0.296315687978067,0.374423637640255,0.423092088053149,0.1763257502917,0.198630572734012,0.24812839114817,0.30993958080972,0.347744744969764,0.217076363373747,0.251240969261148,0.318840379196448,0.399708904596283,0.448683102227324,0.34039461419805,0.399995665188264,0.537614183942651,0.708330556721796,0.813057546232383,8.28108970298262,9.08991472993478,10.6913272552866,12.5669441934949,13.6524890816803,2.38662234735634,2.63250031685331,3.12888458330275,3.73309522918361,4.0930187275985,0.625681890092557,0.69376438106695,0.837288377625497,1.02262501229184,1.14629867814443,0.344410451477437,0.381531228727635,0.465868497893444,0.570507733815365,0.636986580224623,1.59252528202067,1.81185189238523,2.29195463670481,2.87906593320105,3.23846163059475,1.14015037246231,1.34102373049436,1.76602122181846,2.29440058809806,2.62611459605235,0.295694806228483,0.324941320457576,0.387778447397413,0.471232523927429,0.53457109736969,1.46331045818138,1.60826026157392,1.89301732877127,2.22857950901074,2.42593393307089,0.234689897003532,0.256841629666223,0.300397904486889,0.350901644969502,0.382393616396376,2.03499272519227,2.19762516871568,2.53084556975121,2.91339841221487,3.14773638160095,0.0309114163787376,0.0462842437054869,0.0803968735632904,0.127926211364248,0.159873102770602,0.0680318395975443,0.0748194062918016,0.0888716364785965,0.105243425434242,0.115560854766919,0.0447831317410677,0.0489375751380245,0.0581646199588111,0.0692647821840611,0.0765140033847351,0.256426012299214,0.289914844477334,0.359007131879279,0.444110164710966,0.498818505314716,0.0352367123011501,0.040323905135428,0.0523212131931697,0.0683877548113122,0.0783788155281353,3.55746612815643,3.75380897718918,4.15674632517678,4.60042725391414,4.8647345642826,0.254916193007663,0.273863988625437,0.314547226800855,0.360422543905408,0.386854383099454,0.0182108478895342,0.0205978450311505,0.0259051522288062,0.0324336040985187,0.0365721028693883,0.261388688744702,0.298447810724346,0.371800337904475,0.460482299111227,0.525190907044707,0.156113542561352,0.18488575090135,0.241075845149213,0.307462499872038,0.348214471945681,0.168277875910391,0.193953720194528,0.248190591145367,0.313103722706431,0.355202122217163,28.8125510112877,29.8717857984582,31.9263507195727,34.207394675178,35.5168732404806,2033
0.205020160100769,0.233912406510859,0.297512100911061,0.377018175935327,0.429360127035175,0.173019672970788,0.196585078888958,0.247796249402548,0.312045684017621,0.351105184846177,0.21674423566707,0.252156657509233,0.322547101003196,0.407833020662829,0.458993103722441,0.333144932401765,0.397023714024849,0.539223652875052,0.71624790961733,0.830998754248986,8.12337750352784,8.93215999441331,10.5911156614295,12.5356408868327,13.6226092417978,2.38853688837798,2.6433530688933,3.16855800463893,3.81146355035092,4.22227276893338,0.607589485229726,0.67460002990827,0.823035746972869,1.01581321280589,1.14165483823614,0.333933981470487,0.371241786847143,0.455941556484902,0.56341820288514,0.630889386248009,1.57660523033033,1.8045187612003,2.30053410253391,2.92151517958112,3.30086642179973,1.09084556203276,1.29094543182003,1.72917556749556,2.26610497818653,2.58918315558654,0.293082499561909,0.324239312250372,0.390801583205954,0.481179499575782,0.545695975525657,1.46028424123479,1.6039278383238,1.90719687351682,2.25994889700362,2.48758546258904,0.229052283751421,0.251615263527833,0.296069162925903,0.348118665967553,0.380633249811525,1.97792462304134,2.1516315638876,2.48729623693382,2.8866638322718,3.11792708762597,0.0289932498177485,0.0436435536099168,0.0780716793170115,0.125805198467898,0.158619450081022,0.0659817790859309,0.0726098172783878,0.0869936520265892,0.104146377658181,0.114817979001457,0.0436979298240385,0.048357174372693,0.0579588813350224,0.0695806649160037,0.0776896634922219,0.251597328380824,0.283571710919751,0.355140473988212,0.443177484574498,0.50372461267855,0.0343378605499793,0.0392516129322737,0.0515359985105346,0.0681697288559429,0.0790697439709849,3.45840436780291,3.65973870844058,4.07112519203954,4.52444210726682,4.80233669543464,0.246914918660144,0.267341039099259,0.310016303280416,0.356895105644379,0.38521862243551,0.0176827690551269,0.0201724315419535,0.0255227536619266,0.0324053927785802,0.0365808951056246,0.256013490285393,0.291659078418821,0.367097035484421,0.456796029813338,0.517285008295902,0.152137274999746,0.180791327505476,0.238599305852056,0.307617252660858,0.34868587305311,0.16393158633799,0.188901205893305,0.245331909352939,0.31151449778928,0.356506719668226,28.4824824824609,29.5545304163631,31.6687657790123,34.0437711370656,35.4249606959928,2034
0.202329894043141,0.232609039201364,0.298928212190575,0.383395040604852,0.440836943079043,0.170205925733639,0.193472632194118,0.247021854610218,0.313206544154312,0.355225034276904,0.216788217569956,0.252957093050934,0.327292159930362,0.416058728188847,0.472937107025685,0.328071147126706,0.394051506784654,0.541414525170288,0.723629670910969,0.84426070189684,7.90928151418606,8.77136441398802,10.4610025787972,12.4826733348288,13.659766409532,2.38185945810286,2.65264412331002,3.20392226410134,3.88306324879063,4.33058392083832,0.587337574488493,0.657968144989189,0.807554883675067,1.00581655200551,1.13199542787905,0.323126855401329,0.36027530364018,0.446996210757794,0.5572562736929,0.629264798567939,1.56188334644384,1.79744159406265,2.30994217043025,2.95967993267745,3.3572066862511,1.04263078162548,1.24898067241295,1.69230768192131,2.24790065323276,2.59326643198241,0.292904402240534,0.323864292710029,0.393291022816236,0.489045037788073,0.559818152640221,1.44999559764399,1.59992028667414,1.9168781523543,2.29377789917437,2.52037156543148,0.223384083294001,0.245824318517891,0.291633741775746,0.345418026149584,0.378895023316676,1.93498887523657,2.10218351164353,2.44249471629972,2.84853052461505,3.09440048372329,0.0269731693070589,0.0417301790046505,0.0760439661966759,0.123545569885688,0.157793383667014,0.0639815372799904,0.0706232401873966,0.0853924494956697,0.102796061325,0.114496301261864,0.0430637735688072,0.0478676471389399,0.0577078574723172,0.0698229385059408,0.0775726634859971,0.243910838527672,0.277664315859949,0.351735160043016,0.443124996645864,0.506068059842856,0.0330998463260893,0.038384998919519,0.0507618187086511,0.0677769089569535,0.0798476977096902,3.3639991811333,3.55986355433,3.98225976494109,4.44881728019332,4.7366347477377,0.240372948360766,0.261734939703929,0.305038778677915,0.354029717307904,0.383865789968266,0.0172103649719929,0.0197508626353389,0.025167883782425,0.0321801465133134,0.0366144941640061,0.248669734373307,0.284737687719965,0.362046906742042,0.45325598648964,0.518317536619143,0.147731175151524,0.17700882823597,0.236678819147449,0.307649025213718,0.352595341850085,0.158865754297784,0.185265676064732,0.242071551110236,0.310159311394012,0.355459058534351,28.123579220233,29.2615329794398,31.4049070216182,33.8668339373501,35.3003941742689,2035
0.200793731705625,0.231233483294699,0.300240891560198,0.388946030998071,0.447761232255526,0.16711087170119,0.191458322408945,0.245748672178092,0.314311157122661,0.357289070974538,0.214185214661852,0.252783236859789,0.330389040651553,0.424866101326984,0.481452749399252,0.320495040074608,0.38896620367104,0.541726260626947,0.732448739524779,0.870047417879956,7.73356118683695,8.57319595091307,10.3157981990049,12.4148895057253,13.6004510887956,2.38921856066122,2.66688087000683,3.2391453676016,3.95557961968569,4.41549817032047,0.571965423940548,0.641697631098269,0.792647301611224,0.994099138577723,1.12667465496538,0.312495744698913,0.350581812249554,0.43720407349761,0.550203106208489,0.622181798271649,1.55267395554891,1.78732998923366,2.32014454860919,2.99589818444377,3.4099197392685,0.999867411412791,1.21429816435338,1.65676948253925,2.21487621389399,2.55633552291599,0.29095263412518,0.322991434040856,0.395242622272147,0.495276339077954,0.570821841368589,1.43951721580433,1.59854949864406,1.92428316868605,2.31531982330377,2.55335664187634,0.216702091596191,0.240439549906197,0.287296405644428,0.343251713680259,0.378221264267462,1.88462826635384,2.05233722121919,2.3990862888112,2.81340457075976,3.06210578921516,0.02440258158842,0.0395790689589665,0.0739129886760374,0.122111446594707,0.155277148158879,0.0619578531144404,0.0688562144087558,0.083623281827595,0.101691325617695,0.113419124557774,0.042365676809279,0.047363513080363,0.0574528644985958,0.0698729474474038,0.0782270735906474,0.237377969261847,0.271825826251688,0.347682055133796,0.441653240684725,0.504415681928226,0.0320595230406661,0.0373893478593509,0.0500056556033858,0.0674127882954759,0.0798629953724408,3.26849372381907,3.47617987992325,3.89328593283817,4.36916035324234,4.66299403699341,0.234194163507923,0.255386993818177,0.300191522447728,0.351266489413252,0.382984819476008,0.0165938443267467,0.0192492269247312,0.0248554485292386,0.0319913556289104,0.0366865019167886,0.241730463233035,0.278331962265686,0.356538186115804,0.449889205404456,0.515209604396415,0.142703460451764,0.173252688856753,0.234687228775593,0.307389216742583,0.354123779267755,0.15462858165866,0.181359720644603,0.238980175382611,0.30871717605855,0.357443453628379,27.7526241702578,28.9090256606791,31.1281658527274,33.6896145830054,35.1314478531147,2036
0.197843575118654,0.230355522790372,0.301209551031208,0.393519633513708,0.457785265999108,0.164029734335605,0.188801602536054,0.244815008235583,0.316082649033122,0.361531916015466,0.214293938652802,0.252981087561954,0.334664254270762,0.432005248692664,0.494633496523863,0.311483218001596,0.385301760483707,0.541507412655081,0.73965838408371,0.877654454171057,7.51783427556337,8.41658304694756,10.1859751441178,12.2904078650269,13.5946826881495,2.3958481328037,2.67193451707481,3.27456912281517,4.02503739445411,4.50595460962743,0.556073377804302,0.626106498035998,0.777859780764144,0.980421657077239,1.12504614826675,0.301846708376306,0.340512705806212,0.428035181804438,0.542642326534032,0.61633870013201,1.5270037601366,1.77075150895381,2.33388410670142,3.01782124677531,3.46485070436226,0.96289849292156,1.17521994605774,1.62198443637785,2.18606634905037,2.5354384730489,0.288530037518673,0.323215687709119,0.396996367837722,0.50419647151743,0.581054508727731,1.43699138332467,1.59929985964659,1.93416469275812,2.34010657608448,2.59616764801056,0.212073485498203,0.234580874399051,0.282271177583701,0.339639730962734,0.373275602048711,1.8354783110481,2.0041893676298,2.35851718854291,2.77178122781068,3.03862038774454,0.0221632115459849,0.0376272118548609,0.0714560563365034,0.120103042103196,0.154865382521956,0.0602994170691007,0.0669564693366236,0.0820055994616092,0.100143943237575,0.111957136706948,0.0418871664931305,0.046828523491391,0.0570817706387627,0.0698034438794078,0.0785952112866743,0.231036788309807,0.266326917574563,0.3429335412066,0.439689591526154,0.506393427874142,0.0311228991249943,0.0365001221636298,0.0492721126898757,0.0670816060212214,0.0799353955877293,3.17488357753714,3.38452904959708,3.80818420126779,4.29640850047686,4.60603891800301,0.227740974369461,0.249340297149637,0.295191288380739,0.347839401760212,0.37959973360819,0.0161756268110414,0.0187497582709026,0.0244987466525305,0.0318382266788099,0.0367450815608864,0.234810739340716,0.271068540090738,0.351441293696181,0.446171993231096,0.512705898428538,0.139055352423914,0.169610210695267,0.232195747806514,0.306904267364583,0.355895054232082,0.149429910488944,0.177038594301463,0.236029702267862,0.307608757207118,0.361400333267809,27.3958394752154,28.5479334860346,30.8425516243008,33.4984262253885,34.9383292475803,2037
0.196479919281058,0.228916520935337,0.30197451403567,0.396603382482685,0.463784806729487,0.162053266457716,0.185592690559047,0.243367599074439,0.3162623458262,0.364525846651337,0.212428234403863,0.254173362532382,0.337618764152299,0.441320218586235,0.505928548261415,0.305350908028167,0.378334683603677,0.542154098608375,0.752179245937536,0.892084479362825,7.31287077545219,8.20718901474811,10.0181936745943,12.1750994295092,13.4757339017161,2.38546286182244,2.67081391020109,3.30414676495628,4.09363365559295,4.61907592408818,0.54000319120736,0.609186374765128,0.763370441406172,0.967242284131997,1.12140292340424,0.291698365916104,0.330201124205216,0.418044714102377,0.532479354236054,0.607878058635327,1.50690891438878,1.76175925801727,2.33961936095538,3.04417162893107,3.50471036546448,0.930871542176506,1.13494844500913,1.58582530782841,2.16015279170159,2.51831288044218,0.286113043556455,0.321987106300656,0.398673693994061,0.509800701542391,0.592759968691709,1.42265534781447,1.59644300934935,1.94634470436276,2.36248130593442,2.62896776283482,0.206679924340525,0.228753658367839,0.277605801584325,0.336048520497099,0.372038003346475,1.78491907117869,1.95631291495663,2.31016601921157,2.73537199542055,3.00003140346868,0.0208237104192292,0.0352447575793222,0.0691583173396916,0.118837303743461,0.154689121236799,0.0583020475415586,0.065105643348824,0.080269107213012,0.0986753507465732,0.110848508483831,0.0412990578404386,0.0462061288156907,0.0567602723851077,0.0698155934234852,0.0786811882009617,0.224294603922764,0.260391523618329,0.337015678593323,0.438116724585378,0.503290084051107,0.0301715788544352,0.0355466298135246,0.0484738315239097,0.0665514112359572,0.0790887443639968,3.08699406055351,3.29041933396181,3.72736943822779,4.21865721796011,4.52055035669602,0.22144293932597,0.242914968147382,0.290562165008575,0.344187665942928,0.376992611886875,0.0157881440679415,0.0183200473064764,0.0241483410989098,0.0316815418251608,0.0364818794399052,0.226556479738067,0.265444856450954,0.345687300671445,0.442264067139622,0.506274010942275,0.135262968436144,0.166015768199776,0.229318084071665,0.305624007006125,0.355586417520588,0.145788206658252,0.17347604440893,0.232318885017207,0.307000639222396,0.360603536920098,27.0212399099984,28.1716333466369,30.5331608837165,33.2230271537907,34.7019982703833,2038
0.195715375608904,0.227281947709953,0.301977621409203,0.400675862460117,0.471914962448332,0.158342371221991,0.183497549759537,0.241908685930425,0.316223299236981,0.366864237766971,0.212892167097778,0.254745194029158,0.339640531089696,0.449741464092977,0.515407783821861,0.301179123066229,0.376867638261653,0.542384278462605,0.757893600902525,0.905041245283511,7.15768271856522,8.01132696624695,9.85871096755089,12.0376435029323,13.389292895235,2.37523454729938,2.67871634155467,3.33253663211969,4.15624490426652,4.68929136574315,0.525465792322147,0.59205947113759,0.749426045140059,0.958274755247321,1.09778416753569,0.282002070648373,0.319311027451288,0.408903734513407,0.526056917470913,0.600866042382578,1.49975654479981,1.74834250609054,2.3362460739665,3.08299515214774,3.56601217752427,0.889742711508772,1.09875934341346,1.55580293193974,2.12792430220965,2.49835587288357,0.282357143726742,0.320882467819566,0.400580503597452,0.517372986555125,0.600115037596999,1.41487885728053,1.58722271557968,1.94889821028087,2.3855226323057,2.66161689466697,0.202578992399979,0.224128827047269,0.272910257699541,0.332224674927332,0.368534373468734,1.7405761705023,1.90870267920663,2.26440009521552,2.70242965664467,2.95020771354284,0.0194813016743319,0.0334823069516538,0.0673575326408138,0.11665141041074,0.151478708617582,0.0561566493685192,0.0632853019901003,0.078371930901496,0.0972803187641411,0.10948628827657,0.0404382089234413,0.0455368069259917,0.0563137066312571,0.0698638602825105,0.0791012604971492,0.220909209805203,0.254343559981369,0.33331285583334,0.436241043668104,0.504202108938001,0.0292624329764355,0.0344772116200796,0.0476422784820256,0.0659912675086372,0.0787149443123119,2.99892638717943,3.21271441962628,3.64538945942412,4.15023397018311,4.4376581846091,0.214966411420125,0.237099275089147,0.285381981558003,0.340756615768518,0.375368392783251,0.0152850105477944,0.0178714462766085,0.0237784841230097,0.0313972325400292,0.0364865613542966,0.222303180216124,0.259062966735184,0.340073259686337,0.437173449462391,0.505576342716652,0.131448403031973,0.161852575182035,0.226625631195538,0.30517465599661,0.354943993878028,0.1422523458838,0.169128276809247,0.229474234762057,0.305015712337249,0.360226528441139,26.6308759672907,27.7903585101759,30.2088932953737,32.9304808742497,34.5443832390424,2039
0.192871288985563,0.225479905616567,0.302557876842153,0.405259249441824,0.480787898806402,0.15544835949922,0.181161918917136,0.240447164539323,0.318056854704308,0.366999494404117,0.210377243562996,0.255453969952328,0.343438223200175,0.45805218590743,0.524027969242726,0.293347529468385,0.372176145805935,0.541914878549093,0.763877902931696,0.912156532698041,7.0055877533196,7.8227438324505,9.68129088917297,11.8843275118741,13.2832242897709,2.37093429919813,2.67433257110205,3.35067325061687,4.21722841510267,4.76010650033829,0.508684969801476,0.577049507775343,0.732641348130234,0.941908397924478,1.08880049277031,0.273298119257141,0.309910713892324,0.400345217111236,0.516851112422091,0.595217033613917,1.47895848180113,1.73602877354403,2.3304989690435,3.09478513740812,3.59148451540214,0.862331552205076,1.06342228895796,1.51903455087731,2.1106505530893,2.45388142632694,0.281041086588612,0.319623942492243,0.402040654805016,0.521705447062556,0.61172182782391,1.41089188193059,1.58198538467804,1.95427814325175,2.40299404740414,2.70012400047476,0.197693764717019,0.218650036180454,0.268217983931011,0.329214588472252,0.365270733588646,1.68837242750606,1.86108084565827,2.22152356349508,2.65277195200175,2.91995287366913,0.0181259061777039,0.0318839329202658,0.065477239428869,0.114901541830576,0.150666679818333,0.0545901656448667,0.061607282592535,0.0766504572459177,0.0953951896552607,0.108380325098614,0.0399341029568031,0.0450284898138927,0.055820701737865,0.069874299545893,0.0791406492992991,0.214608572806224,0.248388287416549,0.328510510015194,0.432669275368664,0.505550199805816,0.0279911327102616,0.0337840614876398,0.0468551662516149,0.0657953336096057,0.0784731218910269,2.90800751595971,3.13071508055467,3.56342870425163,4.07150583881972,4.36116569995739,0.209192731835592,0.230976098367619,0.28023221649107,0.337409667284472,0.3732648825602,0.014785896817972,0.0174582724291494,0.0234517513018709,0.0310165429910214,0.0367700016351637,0.215639070279491,0.253129942083887,0.333963482147951,0.432325110446377,0.498277558905584,0.126765914144762,0.158376125158427,0.22371756100514,0.304092553853014,0.353703750114046,0.138204700628482,0.165212139267015,0.225624503003367,0.302528339583828,0.360437335678469,26.211659062058,27.3777887575729,29.8550411718806,32.5718776306028,34.2914274113251,2040
0.190160315480977,0.224162010256162,0.302664234050671,0.408140529130306,0.485318475866359,0.152988769235683,0.179196414420644,0.23907555197886,0.317764253382248,0.368856546070052,0.209694126793005,0.25508417389664,0.345462843930877,0.465068168044351,0.534608913972679,0.291356513459263,0.367505517120352,0.541118872616909,0.769010808100196,0.921555368828851,6.75900573216676,7.64336223288984,9.47858568342873,11.6991180735838,13.1534044533363,2.3623771063775,2.66770907499064,3.36068311499681,4.26698423229658,4.84269967123044,0.492453471748008,0.562524713812854,0.71609372307593,0.92999096556406,1.08883441032649,0.263472091521694,0.300271462751056,0.390803537453377,0.506482426163115,0.586855864578192,1.46101336385834,1.71821523666073,2.33065069113926,3.11707553893509,3.64087993504054,0.834390966053484,1.02569710475961,1.48718508778908,2.07883174346887,2.42733219301574,0.280015081118415,0.318211058806791,0.402811668844248,0.52744283594026,0.624817834656937,1.39991205390577,1.57369248796832,1.95686446901882,2.42322024945492,2.72096369391091,0.191945452885503,0.213964877424609,0.263503267388934,0.32479401842665,0.363556935082137,1.64229010717629,1.8120627501936,2.17652426771779,2.60938213566981,2.89534541269022,0.016479647071723,0.0302130166209843,0.063478149940826,0.112608683989009,0.148411383991798,0.0526309455846827,0.0597174947858338,0.074915221887419,0.093958095975023,0.106828568973943,0.0393033713064475,0.0443300235059674,0.0553766794820165,0.0696915094569388,0.0793582225213976,0.208766762940392,0.24259853079884,0.32333367311788,0.428849242646882,0.500094111699321,0.0271389494416249,0.0328562392519507,0.0460626915423697,0.0651998857428416,0.0784860218859248,2.82377511102534,3.04672201779684,3.47928351790511,3.99622603111312,4.27851344877623,0.202998694977601,0.225354511727479,0.275170471742007,0.334181299977449,0.370859265474602,0.0143885021523884,0.017001493142153,0.0231091731075939,0.0309326955377423,0.0365881797754005,0.209711342129497,0.247666617579633,0.328948791081501,0.427776559450755,0.49063711498629,0.123721801248557,0.154770752075631,0.220894693401103,0.302316580274052,0.353368080200809,0.13456790691168,0.160979700718936,0.222103347393343,0.299260315363303,0.357901752365644,25.764123450442,27.0081393818037,29.4844380800889,32.2293090137497,34.0078921576721,2041
0.189368509215333,0.2222212239311,0.302343786093576,0.411712924162753,0.493009231753765,0.150316834082424,0.175984875188531,0.23724801849385,0.317782354903025,0.368422668408143,0.209748268714817,0.253563415922876,0.348134385074639,0.470057519022977,0.542858415002157,0.284693660153494,0.362627860752303,0.540179493338108,0.776373296427952,0.93354936597465,6.56444049586874,7.43510716937178,9.30035799072732,11.5286306651187,12.9600632850082,2.3395472130998,2.66539741901369,3.38161729094993,4.31352018086253,4.93622262750405,0.480227178765013,0.547783420373663,0.701934808796203,0.913963669133975,1.07761184805765,0.253703385831965,0.29042186238192,0.380220702081885,0.497710790346878,0.579468551335543,1.44110539358218,1.70030339305292,2.32673773727208,3.12983702068382,3.67686656465678,0.79418358505668,0.997634341988563,1.452986396918,2.04614758781363,2.40083702548646,0.276922496560915,0.317299102851754,0.403782583253737,0.532720718650096,0.629864634836,1.38636852302102,1.57037142935933,1.95800032699802,2.43917381560559,2.74551055443857,0.187310945642618,0.209316065768906,0.2592568610602,0.321443060938016,0.359797417538724,1.59448873400745,1.76880554460884,2.12899671250485,2.56439170592644,2.84205612261991,0.0149155422851544,0.0289132173650034,0.0615774939090463,0.110332635194126,0.148427211671257,0.0509720867440889,0.0581118920203203,0.073286184927088,0.0924885257005657,0.105147574615173,0.0386403243789475,0.0435846532202627,0.0548923983378516,0.0696634862882436,0.0797119553387836,0.201118682879715,0.237673289946424,0.318613062018673,0.424350503429224,0.49613788018587,0.0264398382962455,0.0321145602278,0.0452990576925817,0.0649727940828286,0.0780832110972665,2.74674171285107,2.97049638825266,3.39980965909314,3.92043140731739,4.20032047625887,0.197281087736908,0.220158257905737,0.270347560945552,0.330500692985017,0.368153638570962,0.0139075433614765,0.0166583222075859,0.0226815146303815,0.0307217482231882,0.0362929508088363,0.202824081487848,0.241084634093961,0.322906435693547,0.422373374653959,0.485850733527357,0.119746555447489,0.150960735439254,0.218397643258695,0.300120694966708,0.35417250007974,0.130236706136425,0.156750648538761,0.218728900273701,0.297177227331164,0.358401597379394,25.3323173741664,26.595071184795,29.1056136459897,31.9014382771956,33.7012899688051,2042
0.186576780610839,0.220818485250036,0.302622924856443,0.416471105281296,0.496238869706021,0.147236983248451,0.173798654478767,0.235649793110289,0.316138015478418,0.371986520890842,0.207843732673686,0.252838347644098,0.350644640939546,0.475782725250893,0.554274717657973,0.276943066513301,0.355408525983742,0.538381193846305,0.78242151268434,0.950066260043828,6.35514365241073,7.22983246038185,9.09185609413146,11.3484555616486,12.842661311812,2.32511807103704,2.66308433594571,3.39306030171567,4.36491277717209,5.02006377220149,0.467965688904976,0.532722039213116,0.68805409468475,0.902444676432571,1.07209015551255,0.245165568804217,0.280625224244161,0.370154335475671,0.488561405276867,0.569926952145452,1.41668907231243,1.6914577033955,2.32063141665777,3.14744616269214,3.70724504412779,0.76966944244327,0.970923018520144,1.41989526035189,2.01173668681685,2.38244758909528,0.27541476381511,0.314886228523745,0.403252188696903,0.536648590737804,0.643958622972659,1.37181888455893,1.56458052383699,1.95507275270333,2.45059891657326,2.7797289002038,0.18215770248653,0.204132617136882,0.254616890176368,0.317631130621548,0.357890082502412,1.55452749499657,1.72637379553289,2.08330252306418,2.52227089214739,2.79308902196078,0.0141381937733422,0.0271944394438595,0.0597478351398176,0.109104535418798,0.146322766495672,0.0491319993984095,0.0563146623804572,0.071514408148175,0.0908225514502198,0.104368124595436,0.0377744851438299,0.043031442874126,0.0544231666062426,0.0693981946589372,0.0797896823447364,0.195674326276652,0.231798765595416,0.313393771195523,0.419302266025061,0.495339806135933,0.0255368129843704,0.0312591754388801,0.0445213627895696,0.0641620948350893,0.0780288688668878,2.66480552775171,2.88750738453365,3.32174186261206,3.8390436680865,4.12978636659002,0.190431254653285,0.214773552331558,0.265455435227137,0.3266157097285,0.363356342083187,0.013502608837504,0.0162003932810313,0.0223051540436355,0.0303654217636957,0.036133973880419,0.1982589234223,0.236039621706277,0.317204834003866,0.41610462503184,0.47985929856582,0.117284423874871,0.148217411240696,0.215048349609792,0.298173435622043,0.354734468409484,0.126275158515453,0.15380073921916,0.214724103210321,0.295288326154697,0.353250220298559,24.9272753635426,26.1627998565519,28.7192094196304,31.5648459033002,33.4328396219121,2043
0.184659422962035,0.218996671366453,0.30134391591647,0.41796851158464,0.506266862870817,0.14481819674275,0.171194954527355,0.233862683197048,0.316421749061928,0.374914231023076,0.203653934761967,0.252819007953196,0.352015513319084,0.480498283672697,0.559674387126997,0.272339786772311,0.351324070236089,0.537296729850721,0.78493196375463,0.961774482758663,6.14601603349621,7.00956776068369,8.88690669619459,11.1388578553073,12.6496870605089,2.31427749897918,2.65417546185822,3.40133971603096,4.3980755571306,5.07507209970905,0.453498035514115,0.51799705586979,0.671648052120239,0.888972792451845,1.06472171808141,0.236591120788931,0.271607112646799,0.360470984927299,0.479324555641707,0.56069666033657,1.39994302831994,1.67401440529511,2.30657930832461,3.17469867775194,3.73331562813933,0.737334775773008,0.9398159961686,1.38952154515547,1.97906133730944,2.37712852117485,0.272896700373073,0.312807560189003,0.403311953120623,0.541272067461128,0.649531639618777,1.3546881771619,1.55407221989125,1.95602776014944,2.46637195086778,2.80101071544662,0.177234009018681,0.199747963173138,0.250045983832447,0.31394643056439,0.352624133392211,1.51316648641814,1.68008487396935,2.03807006500659,2.47982494335059,2.75297733773325,0.0132322094802048,0.0258963126803121,0.0579389846429013,0.106919697421787,0.144347470600722,0.0475521730504698,0.0545944727578015,0.0697738636616555,0.089273545084782,0.102848224255417,0.0371922155797457,0.0424594385013599,0.0539374415640709,0.0690887012003844,0.0797470279151185,0.191184368397735,0.226852262088321,0.307270220579019,0.414984206623599,0.495118332887738,0.0245466541293474,0.030346824725817,0.0435996007260229,0.0632550946135658,0.0770945908095298,2.58615207414073,2.80606425613655,3.24519883859819,3.76787670402009,4.05445833413303,0.185157851944985,0.209713689085307,0.260510098642979,0.323653140872341,0.362208780336832,0.0130836139535335,0.0157956985469427,0.0219247027374605,0.0301527125702086,0.0358844819618641,0.194522051467982,0.231297266727589,0.311758992231689,0.412642222195489,0.476731942597681,0.112887826205931,0.144452872638732,0.210686102166115,0.296630558066835,0.351898347903319,0.121806222265013,0.150407236831602,0.211711680086036,0.291816826314899,0.34882708842561,24.487833482785,25.7203723390229,28.3256901433379,31.1658681018112,32.9994070203888,2044
0.182496548229926,0.216831917499415,0.301187237971752,0.418143751885644,0.508178126334853,0.141653787499591,0.16773901211266,0.232235036311094,0.317988222769008,0.374983380609185,0.202396012108982,0.251943495359141,0.353878023897872,0.484788413457017,0.566193508216406,0.267416636897533,0.346612236728277,0.53379609101068,0.780777762498051,0.967279841321436,5.96236514150265,6.80681689273324,8.65491755062064,10.9222443435673,12.4337323636625,2.2940825243132,2.64705831090387,3.41270669731298,4.4297691499619,5.11649755639629,0.438513901250675,0.504816009472446,0.656696671239629,0.875877589728213,1.04712662216262,0.226615241486478,0.261670227868976,0.350830124849268,0.470513783470824,0.551038013281717,1.38249344483259,1.65357663757699,2.30001641473342,3.19081534871246,3.7736286371348,0.715275239928282,0.910308904290679,1.35633348525262,1.94895307825082,2.34892694405106,0.2700963742285,0.31073576155341,0.403413984728573,0.54418449202558,0.653111859983944,1.34158672596685,1.54440746190057,1.95195826344991,2.47474409895111,2.82730828976542,0.172902930344703,0.195576498560567,0.245251314690879,0.309450806667024,0.349314764803246,1.46896605711246,1.63389386687784,1.99071675025978,2.43617477579228,2.70630690810513,0.012232444803212,0.0247633996424982,0.056221393496875,0.105211296290332,0.142649286036791,0.045845989449529,0.0528021687649143,0.0680904796297168,0.0872273965334433,0.100973524154504,0.0364199385077585,0.0418218955342811,0.053387494048317,0.0688277358686195,0.0797000483748391,0.184404337005326,0.221699686284924,0.301969650536185,0.410234188120364,0.489575632928303,0.0238559664042927,0.0295101633030533,0.042757741638669,0.0627215301935251,0.0770700694692299,2.50942424027925,2.72765812919084,3.16720167996105,3.68532760715559,3.99194738615661,0.179155406673957,0.203874062171472,0.255804986865068,0.319270446168806,0.3591971030368,0.0127312280126351,0.0153763470672974,0.0214797413985478,0.0298004050557279,0.0357002337168868,0.187020715154251,0.225658679656467,0.305680993458593,0.407617860127016,0.471868664379514,0.109699839731651,0.141700968627169,0.207615165133459,0.293054090223799,0.347974343634764,0.118797509375995,0.146393774730756,0.208250733649563,0.289224558602408,0.346903760972334,24.07784142774,25.2740003771273,27.8915098198502,30.7824310719603,32.6492272521599,2045
0.178658160475037,0.21454765634422,0.300626628861977,0.419040613010147,0.51325753924259,0.138185179361482,0.165322077382529,0.230772783752175,0.31657956111778,0.376263222154368,0.203103854904364,0.250828913302054,0.355432267115936,0.489199639313845,0.574189648649974,0.261069408642608,0.343202675653065,0.530929310213516,0.783779481565138,0.978283452039232,5.76326082267136,6.59038421618355,8.42351445509152,10.7131816452118,12.2181779388832,2.3027922024589,2.6273624921196,3.42238398402629,4.46410250148218,5.18391768042881,0.426661901037031,0.490199194397243,0.643010913299696,0.861119957911983,1.03054588949539,0.219151151500486,0.253442374057091,0.340984155284481,0.460707609266645,0.542545990205174,1.36669823702223,1.64235144710945,2.28406769403144,3.19077579867919,3.77128571711165,0.68944038499228,0.88340819074086,1.33118008186807,1.91958936014219,2.31951845663668,0.267851721813035,0.308132158956347,0.40274551285193,0.5475690253399,0.657235295101995,1.32940178620868,1.53209491536885,1.94787949951188,2.4810036902838,2.86148977721272,0.167952735212966,0.190472625400208,0.241021051203367,0.306059641239047,0.346659289374295,1.43099583727567,1.59359992032858,1.94751614388653,2.38272245231736,2.66430367612218,0.011847716012105,0.0235803173062086,0.0544836460111913,0.103692741991912,0.142006289399403,0.044255029547169,0.0509509738821292,0.0662254176448768,0.0855855579527184,0.0989901956669364,0.0359335252080624,0.041025251810011,0.0528937752868566,0.0683353410305928,0.0799002475827106,0.179697625333798,0.214993035192205,0.297298770070734,0.404878062163605,0.484847841833241,0.0232465183797991,0.0286997678991168,0.0417152103166741,0.0619992935099408,0.0752935070188449,2.43621076798195,2.65309865188048,3.08889317248251,3.6105805982387,3.92665797415996,0.173545384980698,0.198862422868917,0.251176316735522,0.314806309530158,0.356630549128146,0.0124179370259074,0.0149955588988228,0.0211009319554885,0.0294957075559053,0.0355428793243504,0.183402851706221,0.219873792538155,0.299917973308167,0.401793441622089,0.463938642493308,0.106252704210137,0.138221775052546,0.204910760276309,0.290083300196645,0.349032368299975,0.114890883279814,0.142448307375663,0.205049756195328,0.287181242087393,0.345664880362227,23.6073397358896,24.8165353178994,27.4497581353183,30.3986736539007,32.2448169705259,2046
0.177165671637866,0.21227098224865,0.298794424800169,0.420198277257654,0.51857835073214,0.135226632878038,0.16314473308491,0.228642052076581,0.315022247617084,0.375142078262361,0.200411206507443,0.24974183455126,0.355812165966563,0.494337625683679,0.581741683296059,0.254079718671941,0.336638628585465,0.528806487099229,0.785139554364698,0.985532206106424,5.56516194878236,6.37241862788884,8.19611918678733,10.4972601705812,12.0488432847229,2.27130963769915,2.61874909264557,3.41510166115904,4.49564758799968,5.26260591197003,0.414346635707402,0.476873313395009,0.628358309304607,0.845715682921889,1.01836118149143,0.211343553045897,0.245741211352571,0.33182226543095,0.450547616907782,0.534584849315607,1.34132050278457,1.61548446486643,2.27850126963671,3.20050364301489,3.80278819464962,0.677043934511143,0.85264436947503,1.30508873610036,1.9000991685437,2.28859001356518,0.265578037045856,0.30556802818425,0.401291793734935,0.550154925638217,0.663927400592232,1.31343524166432,1.52062733117645,1.94577017309565,2.48804088904546,2.87565817794832,0.163317854500314,0.185960951350487,0.236718720704593,0.302252715519556,0.343612717045817,1.38577963540314,1.55320533181714,1.90287244872467,2.34273605681581,2.61938911780453,0.0112314542794082,0.0224666525044144,0.0528699302825409,0.101930032145672,0.13998883123227,0.0426040399742227,0.0493618326917692,0.0646758074629381,0.0843501149951712,0.0972888470650339,0.0349734266918891,0.0403724784201355,0.0523565086831994,0.0680307467519831,0.0792663771987723,0.1745510106627,0.209604495400305,0.291878921246117,0.401022580636816,0.484210610572189,0.0223624078705073,0.0279635419924742,0.0409714637822341,0.0609460591754337,0.0756212083036823,2.35838063198961,2.57840527142211,3.01413433211287,3.53129516860641,3.84939957089017,0.169274248553348,0.193967431238921,0.24597119188411,0.311079646288643,0.353307180650718,0.0121257961109952,0.0145657357484357,0.0206967729801975,0.0291985651129015,0.0351095446316393,0.177687458896569,0.214986944296214,0.293844603538889,0.396102155894276,0.459850689257265,0.102821691920793,0.134628051083432,0.20151735323321,0.286788381035541,0.346506840203668,0.112218266101093,0.139304755100384,0.201090587059292,0.28346297689039,0.343330848027876,23.1638567489999,24.3678181127264,27.0113254582538,29.9779255088345,31.8765632665305,2047
0.173191931787105,0.210402404428435,0.296844161832007,0.42093538035119,0.5192018181776,0.132640155893438,0.160102600819233,0.226285767604445,0.314783733560843,0.374242007557663,0.197262110730708,0.248385122590728,0.357386016558996,0.499663880238753,0.587777466274139,0.251944892567537,0.333393117656975,0.526690105050907,0.792869239364636,0.995094610271153,5.34102933564037,6.16628843287108,7.96505861440609,10.2476888831013,11.741155228575,2.23962595336708,2.59780719014839,3.41212339000114,4.52219525234285,5.30707150249617,0.400194277741143,0.463478477076508,0.612818101877884,0.831446951166641,0.996863899092889,0.20267100228375,0.236359678981439,0.322231753619038,0.440644901640381,0.524647227721849,1.32343446831533,1.59149102932816,2.27223046431705,3.20064363153635,3.83906810250099,0.651274924159448,0.828696110631583,1.27560695769818,1.86806579958881,2.26763932706679,0.262412818061173,0.302462542335357,0.400058847412005,0.550801676890252,0.673253625573016,1.29924771981397,1.50759936820338,1.93915681627762,2.49409503818851,2.86847999859273,0.158420397599468,0.181934335282642,0.232247360292796,0.298243743927471,0.340725755871199,1.34276234691459,1.50835254423219,1.85850434860757,2.30162875666819,2.58540077698584,0.0101492558935501,0.0215863298562025,0.0512867897469974,0.100985433396372,0.137978976233126,0.0409674982587064,0.0477511477407845,0.0630589621701251,0.0826803927391071,0.0958439434109164,0.0343047408525734,0.039790781724657,0.0517206359437926,0.0677161796690521,0.0784285743281543,0.168599921939599,0.20318173571464,0.286452101112775,0.3963224229956,0.483099938399671,0.0216491473115461,0.0271255463491227,0.0400574282153617,0.0602221990831214,0.0754193936304351,2.29016518441665,2.50417003082101,2.94133832042754,3.45619951362905,3.77583494076821,0.163952416439526,0.188735667708342,0.240951458142867,0.306231787752323,0.349894520271007,0.011772555965629,0.0142901615548097,0.0203359910629176,0.0289166377184534,0.0347159531630524,0.173213725960692,0.209111765197797,0.287487628040113,0.390508744524192,0.457005919579212,0.098648726688292,0.131236117468931,0.1983772063296,0.284640629604538,0.342038309219315,0.108320123687326,0.135990572734246,0.197222278005667,0.279703953830942,0.339182214378413,22.7087501379091,23.9187832168318,26.5683368776369,29.5574531912223,31.4922247940648,2048
0.17222794271147,0.208722785636548,0.294690874067311,0.42011408047813,0.520970348382772,0.129588161263094,0.157454670787935,0.224435753163471,0.312665711055762,0.372645287043907,0.196713386818375,0.246559872906214,0.357532420655441,0.502010661570226,0.5910998057108,0.24706246419558,0.329232909961367,0.524101004699319,0.7929207585395,0.994737867320074,5.14584121255199,5.96041904996398,7.7250630762316,9.99941441966578,11.509484720099,2.22206038383028,2.58082698079324,3.4102572866064,4.55342601253657,5.36161909798895,0.386890742514143,0.450439384888273,0.600087004272309,0.81847283556561,0.986491204473138,0.193838022854052,0.228388914897238,0.313166208298002,0.431505638707764,0.517394224125602,1.30100535718258,1.57423956537906,2.26003525895907,3.20825159455979,3.83391803296146,0.626521234972849,0.804183278253709,1.24612368216571,1.83470517671654,2.23432025656248,0.25845066781567,0.29873817262407,0.39934406926895,0.553993782074746,0.680534921533987,1.27475933193872,1.49054592717435,1.93581839139193,2.50151209806054,2.88771123828907,0.154881483645492,0.17690928709468,0.228057876936996,0.295208431816891,0.336549274049902,1.30464427706876,1.47006240529384,1.81652725125561,2.25498507231333,2.54139250226615,0.00952535354623515,0.0205022893230421,0.0497253413219003,0.098962980133315,0.135487620627053,0.0393907189442877,0.0463957414589466,0.0614423296480673,0.0810268717508048,0.0947137606680043,0.0337561784235407,0.0391184119449013,0.0511735679236281,0.0672231430525349,0.0783068056590156,0.162577845006671,0.198874037789524,0.280704088398061,0.390227384466442,0.476876726051034,0.0211045560421628,0.026427842080124,0.0392898848656536,0.059090273663344,0.0742083516020187,2.2151131284718,2.43468998160568,2.86774557737581,3.3846742271925,3.71139345828426,0.159347137535361,0.183713233676315,0.236199874784644,0.301523864418117,0.346531189189119,0.0113318152397792,0.0138769879900181,0.0199443999890443,0.02857406836486,0.0346205770375694,0.169054086551217,0.203866767007329,0.281995469168539,0.384412627375388,0.450980579906163,0.0959797936700679,0.127199254320324,0.194784845642172,0.28160606688465,0.33923605501655,0.105321341591808,0.131967586279274,0.193417237078187,0.27621764290067,0.339151386493149,22.2756161259447,23.4879617198628,26.1230193015099,29.1580323185897,31.0330662436962,2049
0.168626266301253,0.205274142338008,0.292542642779663,0.421806130516631,0.521084860479916,0.126868697960956,0.155025129821989,0.22169509956787,0.311314794280151,0.373477715299023,0.194105201502163,0.24503720642216,0.358642234765601,0.506595903390651,0.598826394206771,0.240135979458716,0.324076846739763,0.521816583005612,0.789749416766536,0.995896388207459,4.94103018388712,5.73873872024553,7.48736248945616,9.77489986106629,11.2646340357949,2.20131403729921,2.55719310690265,3.40382092681751,4.56025144443896,5.41270793657114,0.378620936881324,0.437697167939573,0.584279509452772,0.804300116590702,0.969855099508512,0.186662021275241,0.219949596095744,0.30396378376285,0.420175220263707,0.505400661668511,1.27732089276467,1.56241269703765,2.24178325008466,3.21676243017316,3.85548915445442,0.609391645130355,0.784434751097046,1.21488680117049,1.80456320945505,2.20501332285067,0.255458356947747,0.295831829228541,0.397947031036807,0.555830317550011,0.695228722299115,1.2635107325568,1.47426953897185,1.92364587059325,2.51012742780354,2.8944675461736,0.149430934933483,0.1728536336467,0.22379537371621,0.291063866208386,0.333988486301074,1.26242049005119,1.42772362035674,1.77201586367204,2.21323449919113,2.49372413862689,0.00916154549575597,0.0193474120902026,0.0485450128760703,0.0972367228520456,0.135138522728539,0.0378874203930999,0.0448526381349821,0.0598995219088639,0.0794793966660596,0.0922654787845059,0.0332048175369932,0.0383860709842416,0.050529387834867,0.0667026841981251,0.0779269212666517,0.157522127176223,0.193621081941926,0.274391366680167,0.385806283437833,0.471600520781455,0.0204385836029873,0.025706641425206,0.0384430914611768,0.0582278576141383,0.0742216337734004,2.15050312691068,2.36436297573195,2.79684857910166,3.31267498953192,3.62666948308631,0.153637699115229,0.178656027197994,0.231519147715264,0.297427530115691,0.3421150572207,0.0109979399729593,0.0135300627010192,0.01959036389918,0.0282385205236742,0.0341229911511178,0.163701408770749,0.198626176093223,0.276576507848227,0.378672410916935,0.446993715399334,0.0924535673840341,0.124363783757418,0.190985557793171,0.278999406517802,0.334433635557481,0.103242739499273,0.128788685578,0.189761888557138,0.272160881092171,0.335140324953212,21.8122771948725,23.0075085234381,25.6575473586647,28.7104956129411,30.6400240307416,2050
